Machine_ID,Temperature,Run_Time,Downtime_Flag
Machine_39,115.36,18.87,0
Machine_29,50.53,13.79,0
Machine_15,65.77,13.6,0
Machine_43,75.57,9.39,0
Machine_8,84.15,12.03,1
Machine_21,109.56,9.53,0
Machine_39,56.15,12.95,0
Machine_19,106.41,15.07,1
Machine_23,53.9,16.18,0
Machine_11,108.96,12.78,0
Machine_11,53.61,17.31,0
Machine_24,51.28,3.39,0
Machine_36,98.79,5.09,0
Machine_40,119.81,19.65,0
Machine_24,112.76,7.74,0
Machine_3,90.32,0.55,1
Machine_22,114.22,3.69,0
Machine_2,50.37,5.37,0
Machine_24,118.25,22.98,0
Machine_44,84.35,13.75,0
Machine_30,100.6,22.39,0
Machine_38,107.46,13.8,1
Machine_2,100.29,11.5,1
Machine_21,87.45,7.53,0
Machine_33,83.36,14.55,1
Machine_12,108.7,3.34,0
Machine_22,64.36,21.56,0
Machine_44,117.76,19.9,0
Machine_25,99.77,7.62,1
Machine_49,63.97,22.87,0
Machine_27,101.54,19.8,0
Machine_42,87.09,15.99,1
Machine_28,99.51,2.92,0
Machine_16,103.74,11.48,0
Machine_15,56.11,12.15,0
Machine_47,85.43,5.58,0
Machine_44,115.24,1.92,0
Machine_3,72.44,18.64,0
Machine_37,91.57,2.93,0
Machine_7,75.85,14.26,1
Machine_21,81.8,22.47,0
Machine_9,88.4,21.03,0
Machine_39,88.42,6.67,0
Machine_18,64.12,20.43,0
Machine_4,97.92,0.01,0
Machine_25,56.15,0.42,0
Machine_14,59.72,14.46,0
Machine_50,50.19,8.76,0
Machine_9,58.17,9.28,0
Machine_26,83.12,13.55,0
Machine_2,92.43,4.6,0
Machine_20,105.6,5.08,0
Machine_28,57.47,11.63,0
Machine_47,109.55,18.1,0
Machine_7,102.22,14.87,0
Machine_44,78.6,7.14,1
Machine_8,115.31,10.33,0
Machine_47,119.37,4.1,0
Machine_35,64.35,1.79,1
Machine_14,76.55,18.78,0
Machine_17,114.85,6.37,0
Machine_36,100.51,4.27,0
Machine_50,53.37,16.6,0
Machine_40,104.71,14.83,1
Machine_4,107.96,15.2,0
Machine_2,102.54,5.49,1
Machine_6,105.97,5.58,0
Machine_42,107.76,5.3,0
Machine_4,63.05,4.17,0
Machine_29,66.5,15.74,0
Machine_18,94.36,20.35,0
Machine_26,113.55,17.38,1
Machine_44,72.13,19.01,0
Machine_34,91.18,9.72,0
Machine_10,97.81,15.7,0
Machine_36,81.64,8.5,0
Machine_14,99.96,12.61,0
Machine_31,112.98,11.56,0
Machine_48,93.69,4.25,0
Machine_15,87.78,9.29,0
Machine_8,80.71,23.13,0
Machine_14,90.42,5.97,1
Machine_23,74.88,3.21,1
Machine_40,77.4,10.05,0
Machine_21,87.23,18.97,0
Machine_16,54.66,13.97,1
Machine_45,66.03,16.34,0
Machine_18,88.0,4.55,1
Machine_47,80.21,14.85,0
Machine_24,73.3,7.76,0
Machine_26,101.14,20.02,1
Machine_25,98.56,15.1,1
Machine_45,61.67,4.77,0
Machine_41,111.5,1.55,0
Machine_29,84.68,1.02,0
Machine_15,101.9,8.91,0
Machine_45,90.12,6.38,0
Machine_1,119.84,15.51,0
Machine_25,102.67,11.98,1
Machine_7,99.49,6.38,0
Machine_9,104.5,3.58,0
Machine_24,60.02,3.05,0
Machine_1,64.32,20.75,0
Machine_44,99.98,5.84,0
Machine_8,84.58,15.64,0
Machine_24,102.82,19.46,0
Machine_11,57.2,14.74,1
Machine_17,87.55,20.63,1
Machine_8,76.52,9.42,0
Machine_35,81.99,22.95,1
Machine_35,92.28,3.2,0
Machine_33,85.16,2.45,0
Machine_5,87.79,15.81,0
Machine_42,84.05,22.63,0
Machine_39,78.63,19.41,0
Machine_41,104.03,1.83,1
Machine_28,50.85,6.7,0
Machine_7,91.89,22.33,1
Machine_9,89.59,6.07,0
Machine_8,100.13,18.75,0
Machine_12,91.93,19.8,1
Machine_34,107.88,11.89,0
Machine_33,117.14,9.27,0
Machine_48,73.98,10.8,0
Machine_23,65.91,5.45,0
Machine_24,79.65,21.35,0
Machine_37,70.16,10.81,0
Machine_35,93.05,21.18,0
Machine_44,113.83,2.54,1
Machine_40,59.74,23.72,0
Machine_22,57.06,10.64,0
Machine_27,67.92,1.15,0
Machine_35,100.83,0.91,1
Machine_1,91.51,17.91,0
Machine_35,57.15,15.82,0
Machine_37,114.31,19.25,0
Machine_47,105.31,2.53,0
Machine_14,51.61,0.85,1
Machine_3,95.6,12.21,0
Machine_1,103.99,9.3,0
Machine_5,76.21,11.09,0
Machine_26,54.82,23.8,0
Machine_14,55.41,23.3,1
Machine_39,57.3,22.62,1
Machine_27,108.83,18.81,0
Machine_9,113.75,8.52,1
Machine_15,58.6,9.89,0
Machine_15,66.51,13.19,0
Machine_26,61.59,19.93,0
Machine_42,63.04,1.65,0
Machine_13,108.62,10.18,0
Machine_32,73.25,1.98,1
Machine_39,71.8,12.35,0
Machine_49,65.92,21.57,1
Machine_32,92.55,18.78,0
Machine_4,76.55,5.47,1
Machine_30,102.1,23.42,0
Machine_37,64.39,16.02,0
Machine_23,105.15,0.25,0
Machine_39,92.26,6.13,1
Machine_45,58.0,6.26,0
Machine_15,79.02,1.66,1
Machine_43,110.45,23.04,0
Machine_29,114.61,11.48,0
Machine_36,82.6,21.5,1
Machine_13,83.66,7.73,0
Machine_32,114.29,3.01,0
Machine_7,91.09,11.38,0
Machine_22,52.3,2.73,1
Machine_28,113.89,11.66,0
Machine_2,67.38,22.09,1
Machine_42,90.43,12.5,0
Machine_45,61.59,14.8,1
Machine_6,52.37,3.76,1
Machine_28,71.8,1.05,0
Machine_28,104.63,2.66,0
Machine_44,69.43,14.36,0
Machine_44,65.41,2.28,0
Machine_20,64.89,9.02,0
Machine_30,86.06,13.2,0
Machine_11,118.29,9.33,0
Machine_28,82.13,3.93,0
Machine_25,89.01,6.57,0
Machine_39,110.24,22.28,0
Machine_33,87.45,16.22,1
Machine_1,62.91,11.91,0
Machine_27,70.97,0.31,0
Machine_13,71.7,23.82,0
Machine_41,77.81,16.11,1
Machine_3,79.88,7.61,1
Machine_39,105.98,21.1,1
Machine_6,74.46,6.2,1
Machine_8,82.78,13.06,0
Machine_27,93.75,15.27,1
Machine_9,76.44,5.31,0
Machine_37,108.56,23.48,0
Machine_33,91.12,17.96,1
Machine_42,70.58,13.39,0
Machine_44,99.98,4.33,0
Machine_24,86.94,1.29,0
Machine_15,87.41,7.68,0
Machine_32,83.68,18.08,0
Machine_32,84.79,6.46,0
Machine_24,103.57,12.95,0
Machine_41,57.21,17.47,0
Machine_49,73.41,2.59,1
Machine_49,55.29,16.45,0
Machine_12,102.73,2.2,0
Machine_39,69.06,23.16,1
Machine_2,112.82,11.72,1
Machine_3,86.86,3.62,0
Machine_49,106.05,8.22,0
Machine_37,118.53,9.92,1
Machine_49,108.79,18.2,1
Machine_17,110.69,17.84,0
Machine_49,78.56,14.69,0
Machine_2,88.62,2.54,0
Machine_2,67.77,3.64,0
Machine_28,63.73,2.25,0
Machine_23,85.39,13.85,0
Machine_37,91.65,21.05,0
Machine_32,73.75,10.41,0
Machine_33,89.86,3.86,0
Machine_1,112.12,13.39,1
Machine_19,88.97,19.48,0
Machine_2,100.46,17.8,0
Machine_44,106.37,21.15,1
Machine_26,119.21,6.67,0
Machine_32,92.22,4.65,0
Machine_6,106.48,21.12,0
Machine_32,117.39,15.78,0
Machine_4,116.11,7.46,1
Machine_11,59.88,17.82,0
Machine_17,78.45,19.56,0
Machine_38,72.68,14.76,0
Machine_24,56.08,16.51,0
Machine_5,94.33,9.01,1
Machine_34,101.51,12.93,0
Machine_6,109.37,12.58,0
Machine_22,58.59,20.35,0
Machine_11,111.35,20.16,0
Machine_48,95.0,19.98,0
Machine_16,99.28,0.26,0
Machine_33,113.74,17.99,0
Machine_9,93.73,18.21,0
Machine_6,73.51,16.28,0
Machine_16,107.76,18.15,0
Machine_29,75.41,20.21,0
Machine_3,52.4,11.29,1
Machine_20,108.15,12.05,0
Machine_36,74.16,2.99,0
Machine_19,104.17,9.25,0
Machine_26,75.39,15.44,0
Machine_3,110.27,18.73,0
Machine_19,65.37,5.21,0
Machine_20,118.22,3.31,0
Machine_32,104.58,15.91,0
Machine_7,58.0,0.05,1
Machine_41,89.6,4.28,1
Machine_33,118.98,0.7,0
Machine_40,82.97,4.01,0
Machine_39,62.75,4.35,0
Machine_18,83.93,9.3,0
Machine_40,85.87,9.66,1
Machine_1,101.92,20.98,0
Machine_11,98.92,12.24,0
Machine_28,78.18,17.36,0
Machine_25,65.26,2.5,0
Machine_50,95.15,5.41,0
Machine_23,79.52,16.87,0
Machine_31,59.26,1.27,0
Machine_30,113.04,11.68,0
Machine_42,98.39,14.38,0
Machine_35,97.82,14.45,0
Machine_7,107.58,0.55,0
Machine_16,87.08,7.73,0
Machine_26,107.05,15.28,0
Machine_48,84.87,3.58,0
Machine_49,54.7,16.69,0
Machine_2,78.37,17.9,1
Machine_1,84.82,23.57,0
Machine_48,100.41,5.04,0
Machine_12,57.46,19.8,0
Machine_5,59.8,12.49,0
Machine_37,68.46,8.96,0
Machine_32,68.65,2.94,0
Machine_9,101.25,17.65,1
Machine_41,67.55,5.66,0
Machine_35,94.32,8.91,0
Machine_19,84.6,1.5,0
Machine_48,90.13,19.23,0
Machine_16,108.67,18.4,1
Machine_3,78.31,17.61,0
Machine_20,103.96,7.19,0
Machine_24,79.54,4.16,1
Machine_33,74.77,15.3,0
Machine_24,117.1,11.91,0
Machine_11,62.91,4.28,0
Machine_49,56.32,16.46,0
Machine_8,103.97,23.79,0
Machine_36,54.78,17.93,0
Machine_38,108.6,17.76,0
Machine_40,80.6,22.81,0
Machine_20,114.09,4.87,0
Machine_35,100.51,13.57,0
Machine_48,92.73,23.51,0
Machine_25,116.45,3.97,0
Machine_35,77.77,16.81,0
Machine_25,116.79,14.06,0
Machine_29,59.45,14.08,0
Machine_18,83.86,16.74,0
Machine_46,68.89,22.31,1
Machine_18,87.79,18.78,0
Machine_2,61.34,1.35,0
Machine_35,108.91,20.47,0
Machine_16,109.25,5.41,0
Machine_41,116.87,9.05,0
Machine_36,60.83,11.08,1
Machine_33,93.63,11.54,0
Machine_4,83.2,10.44,0
Machine_33,74.11,22.5,0
Machine_14,74.61,16.94,0
Machine_21,78.9,15.15,0
Machine_48,99.34,1.2,0
Machine_20,91.88,21.69,0
Machine_8,82.18,21.83,0
Machine_7,55.32,18.73,0
Machine_3,55.44,0.17,0
Machine_17,50.16,1.37,1
Machine_33,117.74,5.41,0
Machine_48,50.37,3.15,1
Machine_12,57.22,9.57,0
Machine_22,72.02,22.14,1
Machine_22,106.52,11.33,1
Machine_46,117.35,0.32,0
Machine_30,105.3,6.79,0
Machine_38,98.34,1.07,0
Machine_38,86.49,0.87,1
Machine_45,56.07,6.62,0
Machine_8,117.07,6.61,0
Machine_27,103.09,18.89,0
Machine_27,94.73,23.4,1
Machine_34,103.13,8.91,1
Machine_21,100.69,10.29,1
Machine_30,94.61,20.27,0
Machine_33,118.64,6.44,0
Machine_28,113.24,3.75,0
Machine_47,95.27,20.47,0
Machine_33,98.52,1.12,0
Machine_5,53.61,14.87,0
Machine_48,96.89,13.49,0
Machine_19,53.09,8.3,0
Machine_4,91.18,7.56,1
Machine_35,119.95,18.52,0
Machine_49,88.91,2.07,1
Machine_17,83.12,5.68,0
Machine_44,71.9,17.58,0
Machine_28,58.44,13.16,0
Machine_30,101.17,3.07,0
Machine_29,63.48,21.17,0
Machine_46,58.07,9.44,0
Machine_6,79.52,19.87,0
Machine_35,105.67,18.91,0
Machine_41,102.15,14.99,0
Machine_37,53.84,11.87,1
Machine_24,81.86,23.51,0
Machine_29,86.57,3.48,0
Machine_49,95.12,17.4,0
Machine_46,95.51,4.59,0
Machine_31,75.53,8.12,0
Machine_35,89.25,7.41,0
Machine_33,83.67,22.73,1
Machine_21,111.95,23.22,0
Machine_32,87.12,4.39,1
Machine_23,80.87,0.53,1
Machine_33,78.31,17.28,0
Machine_3,90.07,10.03,0
Machine_18,106.28,2.13,1
Machine_25,87.69,16.41,0
Machine_42,96.32,13.08,0
Machine_31,101.65,23.53,1
Machine_3,86.41,5.46,0
Machine_40,79.88,9.7,0
Machine_46,111.37,13.02,0
Machine_24,79.23,19.0,0
Machine_50,82.34,13.17,0
Machine_32,119.32,14.71,0
Machine_47,50.02,5.43,0
Machine_22,62.98,20.33,0
Machine_23,76.88,10.29,0
Machine_2,115.28,3.38,0
Machine_27,54.9,15.94,0
Machine_42,50.66,5.19,0
Machine_2,53.69,2.34,0
Machine_26,56.2,20.69,0
Machine_17,52.63,11.04,0
Machine_40,83.58,17.98,1
Machine_33,90.65,6.97,0
Machine_9,69.02,18.89,0
Machine_43,77.88,2.69,0
Machine_48,56.42,8.54,0
Machine_39,73.55,23.47,0
Machine_29,86.58,19.06,0
Machine_42,101.26,11.93,0
Machine_26,50.23,8.15,0
Machine_35,82.71,20.93,0
Machine_50,70.79,13.08,0
Machine_25,109.7,18.2,0
Machine_24,100.09,18.1,0
Machine_13,91.24,0.43,0
Machine_7,69.41,3.03,0
Machine_36,113.72,15.83,0
Machine_45,53.16,3.88,0
Machine_20,57.66,6.13,0
Machine_1,77.41,22.72,0
Machine_8,58.71,13.44,0
Machine_46,116.95,18.02,0
Machine_16,105.86,13.39,0
Machine_14,68.13,13.26,1
Machine_12,91.2,2.26,0
Machine_23,118.76,8.25,0
Machine_15,111.89,6.78,0
Machine_28,92.06,9.38,0
Machine_34,113.26,19.16,0
Machine_2,119.24,8.93,0
Machine_32,102.03,10.84,0
Machine_23,54.55,9.54,1
Machine_22,78.11,2.24,0
Machine_25,108.65,10.59,1
Machine_22,66.14,4.69,0
Machine_22,108.14,4.48,0
Machine_49,58.42,2.26,0
Machine_42,53.29,8.56,0
Machine_6,76.89,18.18,0
Machine_15,52.57,6.63,0
Machine_43,117.01,7.5,0
Machine_37,107.83,15.42,0
Machine_33,106.05,4.7,0
Machine_8,94.08,21.53,1
Machine_44,65.14,12.48,0
Machine_44,86.28,10.74,1
Machine_5,91.81,13.39,1
Machine_39,86.75,3.98,1
Machine_4,68.22,14.72,0
Machine_6,86.07,8.71,0
Machine_45,84.38,21.53,1
Machine_32,119.74,4.05,0
Machine_30,112.82,12.17,0
Machine_47,82.44,14.35,0
Machine_35,93.61,0.8,0
Machine_40,102.35,8.73,0
Machine_16,52.44,17.58,0
Machine_13,112.64,19.69,1
Machine_50,110.21,7.52,0
Machine_42,82.02,19.17,1
Machine_30,77.38,23.23,0
Machine_19,69.11,20.56,0
Machine_17,83.37,2.82,0
Machine_19,53.11,17.75,0
Machine_28,109.65,7.67,1
Machine_26,52.48,23.72,0
Machine_37,73.03,11.65,0
Machine_26,115.21,2.94,0
Machine_23,101.46,17.4,0
Machine_9,69.7,7.75,0
Machine_12,67.69,23.93,0
Machine_1,50.36,23.51,0
Machine_1,98.7,15.75,1
Machine_47,53.41,3.12,0
Machine_34,87.28,16.48,0
Machine_32,117.35,2.23,0
Machine_48,57.66,0.7,0
Machine_25,112.61,19.75,0
Machine_40,119.4,5.03,0
Machine_45,54.31,9.1,0
Machine_1,111.8,23.36,1
Machine_16,86.13,8.08,0
Machine_39,113.46,7.12,0
Machine_5,89.99,22.04,0
Machine_22,96.35,2.66,0
Machine_29,88.06,18.23,0
Machine_3,110.51,23.71,0
Machine_12,101.37,21.63,1
Machine_26,86.49,15.64,1
Machine_16,110.77,7.54,1
Machine_37,67.17,6.1,0
Machine_22,61.01,19.66,0
Machine_29,61.23,21.12,0
Machine_14,73.38,12.61,1
Machine_28,66.71,5.86,0
Machine_5,115.11,2.71,1
Machine_47,57.41,2.09,0
Machine_49,98.93,17.26,0
Machine_30,63.25,10.08,0
Machine_46,111.71,21.73,0
Machine_5,117.29,17.75,0
Machine_12,82.58,4.59,0
Machine_16,111.54,14.73,0
Machine_26,50.36,10.45,0
Machine_26,107.4,13.85,0
Machine_48,66.0,17.71,0
Machine_21,113.61,19.35,0
Machine_39,50.08,20.25,0
Machine_36,88.93,6.1,0
Machine_33,102.96,0.75,0
Machine_30,68.11,17.74,0
Machine_37,63.52,2.55,0
Machine_23,55.89,7.56,0
Machine_10,72.85,0.09,0
Machine_5,89.19,16.36,1
Machine_36,58.11,4.01,0
Machine_34,76.37,15.73,0
Machine_31,50.64,23.8,0
Machine_10,107.31,1.74,1
Machine_19,58.99,1.85,0
Machine_32,69.83,8.17,0
Machine_1,51.29,20.79,1
Machine_5,80.26,5.17,0
Machine_45,108.81,8.65,1
Machine_4,77.45,1.64,0
Machine_16,62.56,18.32,1
Machine_24,102.76,9.8,0
Machine_16,105.22,18.22,0
Machine_2,62.16,21.69,0
Machine_49,103.96,5.59,0
Machine_28,116.31,19.38,0
Machine_32,61.65,1.42,1
Machine_27,103.97,21.57,1
Machine_20,99.6,15.62,0
Machine_24,83.15,20.98,1
Machine_12,54.05,0.0,0
Machine_50,55.23,4.06,0
Machine_35,109.67,9.35,0
Machine_33,119.31,9.11,0
Machine_33,97.32,5.44,0
Machine_43,81.22,9.16,0
Machine_37,95.33,3.09,1
Machine_12,91.61,9.91,0
Machine_3,76.85,19.26,1
Machine_1,54.59,11.5,0
Machine_33,107.51,0.43,0
Machine_40,76.03,10.11,0
Machine_10,107.31,0.65,1
Machine_43,67.68,23.19,0
Machine_44,50.07,3.06,0
Machine_29,61.13,16.98,0
Machine_13,82.8,23.35,0
Machine_12,116.1,19.82,0
Machine_31,57.15,16.78,0
Machine_46,109.79,20.15,0
Machine_2,86.89,23.56,0
Machine_50,107.81,14.91,0
Machine_35,70.89,13.42,0
Machine_23,108.8,15.08,0
Machine_17,104.1,12.78,0
Machine_26,66.1,15.24,1
Machine_8,59.19,10.8,0
Machine_29,110.76,5.24,0
Machine_26,117.43,2.89,0
Machine_10,52.19,1.64,0
Machine_26,101.19,6.32,0
Machine_34,113.67,1.11,0
Machine_41,110.02,13.61,0
Machine_7,117.52,6.81,1
Machine_4,103.21,19.79,0
Machine_50,80.96,1.78,0
Machine_45,71.84,5.43,0
Machine_11,72.45,17.53,0
Machine_29,100.71,14.37,0
Machine_36,102.21,1.55,0
Machine_25,64.03,21.05,0
Machine_21,110.77,21.05,0
Machine_36,100.04,7.93,0
Machine_10,89.39,8.17,0
Machine_37,83.01,23.74,0
Machine_9,88.03,15.03,0
Machine_24,61.15,12.75,1
Machine_35,64.26,20.12,0
Machine_49,56.38,6.85,0
Machine_35,60.76,10.3,1
Machine_48,81.76,6.43,0
Machine_36,87.12,18.94,0
Machine_18,51.25,13.76,0
Machine_49,105.78,15.81,0
Machine_39,70.59,6.06,0
Machine_32,113.83,5.29,0
Machine_24,117.73,11.72,0
Machine_23,62.98,17.7,0
Machine_32,82.35,12.61,1
Machine_37,50.09,0.78,0
Machine_12,91.88,20.85,0
Machine_49,92.51,1.55,1
Machine_13,67.33,22.94,0
Machine_23,89.09,0.6,1
Machine_25,65.79,16.67,0
Machine_35,61.26,1.97,0
Machine_41,95.61,21.86,0
Machine_30,72.81,11.15,0
Machine_17,91.32,3.3,0
Machine_49,80.33,8.18,1
Machine_20,118.9,3.96,0
Machine_48,60.47,4.09,0
Machine_25,82.52,22.75,1
Machine_22,97.63,10.69,0
Machine_13,77.69,18.93,0
Machine_19,118.23,15.35,1
Machine_49,100.53,16.23,0
Machine_36,95.99,3.16,0
Machine_12,102.99,5.62,1
Machine_41,116.69,18.88,0
Machine_19,113.55,23.3,0
Machine_12,100.7,6.3,0
Machine_9,102.44,6.52,0
Machine_7,60.21,11.35,1
Machine_28,57.2,23.61,0
Machine_14,89.96,6.46,0
Machine_31,51.29,9.77,0
Machine_19,83.76,21.4,0
Machine_47,64.72,0.07,0
Machine_16,74.22,0.95,1
Machine_5,104.31,14.5,0
Machine_35,115.89,21.78,0
Machine_12,55.07,5.73,0
Machine_25,87.4,11.27,0
Machine_21,111.78,10.81,0
Machine_36,55.78,11.35,0
Machine_23,107.72,14.94,0
Machine_16,75.05,11.27,0
Machine_39,72.55,10.74,0
Machine_45,118.42,11.38,0
Machine_42,64.06,14.18,0
Machine_39,98.52,12.89,0
Machine_14,107.5,20.5,1
Machine_31,52.88,1.19,0
Machine_5,96.93,20.0,1
Machine_35,116.61,20.25,0
Machine_23,58.7,6.84,0
Machine_29,112.74,11.11,1
Machine_43,91.63,10.52,0
Machine_11,93.16,5.24,1
Machine_18,92.91,9.52,0
Machine_47,70.92,1.07,0
Machine_12,115.46,6.67,0
Machine_9,116.31,19.6,0
Machine_10,93.77,6.83,0
Machine_44,104.84,19.64,0
Machine_17,92.86,12.76,0
Machine_38,83.91,21.12,0
Machine_7,96.26,13.79,0
Machine_46,88.71,0.71,0
Machine_13,91.82,16.21,1
Machine_40,104.87,1.08,0
Machine_42,83.66,10.81,1
Machine_9,52.85,22.31,1
Machine_50,61.48,3.96,0
Machine_27,80.7,9.36,0
Machine_2,100.74,17.52,0
Machine_5,91.53,21.17,0
Machine_29,95.52,16.1,0
Machine_37,83.55,6.2,0
Machine_38,93.1,16.19,0
Machine_19,73.03,7.12,0
Machine_8,82.91,17.24,0
Machine_48,102.1,22.9,0
Machine_45,111.03,17.31,0
Machine_1,80.36,20.71,0
Machine_22,53.06,0.05,0
Machine_17,61.32,17.22,0
Machine_7,51.46,19.91,0
Machine_25,95.73,0.97,0
Machine_45,73.26,20.92,0
Machine_4,87.97,6.16,0
Machine_36,84.53,15.97,0
Machine_6,55.71,19.21,0
Machine_31,78.23,15.9,0
Machine_19,65.44,2.21,0
Machine_44,79.29,14.31,0
Machine_39,64.25,13.19,0
Machine_27,108.83,21.61,1
Machine_10,62.19,9.7,0
Machine_26,117.25,7.71,0
Machine_19,79.11,18.0,0
Machine_39,109.24,9.9,0
Machine_3,94.01,15.51,0
Machine_45,101.47,15.51,0
Machine_13,103.74,21.31,0
Machine_50,85.34,14.37,0
Machine_28,88.03,12.05,0
Machine_20,85.98,3.33,1
Machine_28,91.16,2.78,1
Machine_8,52.06,3.7,0
Machine_41,77.69,4.12,0
Machine_39,92.43,15.31,0
Machine_1,91.84,17.78,0
Machine_3,105.51,12.72,0
Machine_13,95.85,19.9,0
Machine_28,119.45,23.79,0
Machine_49,69.87,19.68,1
Machine_25,75.14,16.68,0
Machine_33,76.87,12.78,0
Machine_38,82.61,10.77,0
Machine_6,108.52,2.03,0
Machine_44,66.51,9.58,0
Machine_45,104.32,21.84,0
Machine_32,78.37,19.39,0
Machine_45,92.13,5.19,1
Machine_47,94.28,11.2,0
Machine_21,76.1,19.6,0
Machine_16,85.88,1.62,0
Machine_21,78.91,9.3,1
Machine_11,54.84,20.44,0
Machine_37,80.6,9.69,0
Machine_36,56.82,1.86,1
Machine_35,78.35,13.02,0
Machine_19,91.5,20.68,1
Machine_20,90.56,14.17,0
Machine_18,96.38,5.43,0
Machine_47,56.67,9.22,0
Machine_41,95.65,10.8,0
Machine_49,71.85,13.9,0
Machine_14,77.93,18.22,0
Machine_15,110.06,2.37,0
Machine_31,50.63,21.35,0
Machine_1,91.19,0.3,1
Machine_3,91.91,8.88,1
Machine_16,77.77,0.66,0
Machine_23,66.59,9.43,1
Machine_11,66.43,12.62,0
Machine_12,111.86,12.28,0
Machine_10,80.94,3.98,0
Machine_32,73.16,15.5,0
Machine_16,81.41,1.07,0
Machine_8,96.86,18.29,0
Machine_38,60.2,22.72,0
Machine_12,81.46,8.15,0
Machine_24,91.15,12.41,0
Machine_28,116.4,9.09,1
Machine_8,67.68,0.16,0
Machine_28,75.15,9.26,1
Machine_36,76.56,19.0,1
Machine_26,92.39,14.3,1
Machine_8,74.97,2.43,1
Machine_50,87.35,20.33,1
Machine_28,104.73,12.75,0
Machine_28,99.38,20.2,0
Machine_37,81.25,13.93,0
Machine_41,110.5,13.43,0
Machine_36,89.07,2.53,0
Machine_27,87.79,4.02,0
Machine_17,52.39,23.33,1
Machine_9,119.07,5.48,1
Machine_33,58.61,23.46,1
Machine_20,66.18,12.77,0
Machine_13,53.62,3.26,0
Machine_28,94.8,2.38,0
Machine_48,65.73,5.01,0
Machine_29,62.6,22.22,0
Machine_13,56.2,9.94,0
Machine_46,57.23,9.49,1
Machine_35,90.93,7.52,0
Machine_6,98.17,3.53,0
Machine_18,77.82,11.71,0
Machine_5,83.59,3.12,0
Machine_47,98.02,20.05,0
Machine_25,51.22,8.89,1
Machine_2,72.62,9.0,0
Machine_10,118.12,11.38,0
Machine_30,90.61,10.66,0
Machine_50,67.8,23.88,0
Machine_45,86.52,13.09,0
Machine_5,73.99,2.12,0
Machine_33,87.26,14.57,0
Machine_1,58.8,3.64,0
Machine_18,59.29,0.74,0
Machine_32,60.05,23.3,0
Machine_47,115.79,18.56,1
Machine_49,101.3,23.52,0
Machine_11,61.37,11.47,0
Machine_21,63.18,12.77,0
Machine_26,101.16,4.04,0
Machine_25,60.93,5.93,0
Machine_22,66.42,20.13,0
Machine_27,117.43,8.55,0
Machine_49,67.87,19.84,1
Machine_13,96.31,17.02,0
Machine_33,118.5,4.25,1
Machine_34,76.2,12.18,0
Machine_41,51.23,16.26,1
Machine_35,67.09,5.64,1
Machine_1,108.16,19.94,0
Machine_21,110.52,13.08,1
Machine_48,103.8,3.97,0
Machine_6,57.92,13.99,1
Machine_28,105.69,23.99,0
Machine_17,114.31,3.61,0
Machine_5,92.04,19.6,0
Machine_31,115.86,4.98,1
Machine_5,107.88,18.78,0
Machine_38,96.69,17.63,0
Machine_3,90.4,7.21,0
Machine_23,74.4,7.82,1
Machine_37,61.15,19.02,0
Machine_37,92.35,11.07,0
Machine_10,72.27,17.54,0
Machine_10,110.65,3.55,0
Machine_19,119.53,20.46,0
Machine_17,102.67,17.06,1
Machine_21,56.33,21.77,0
Machine_14,70.21,3.18,0
Machine_9,57.64,14.23,0
Machine_46,95.54,14.38,0
Machine_1,103.56,8.48,0
Machine_45,114.8,11.0,0
Machine_13,80.67,0.91,0
Machine_4,113.1,17.9,1
Machine_1,111.45,13.18,0
Machine_49,72.2,1.39,1
Machine_40,110.82,16.34,1
Machine_32,76.3,11.2,0
Machine_34,70.78,0.83,1
Machine_28,95.44,23.27,0
Machine_31,72.99,22.78,0
Machine_8,94.11,12.31,0
Machine_39,92.69,2.25,0
Machine_26,89.44,18.11,0
Machine_34,76.63,11.81,0
Machine_3,88.39,7.26,0
Machine_50,91.75,11.79,0
Machine_12,88.2,12.54,1
Machine_1,81.11,13.51,0
Machine_44,51.03,10.59,0
Machine_5,91.09,14.54,0
Machine_30,61.79,22.05,0
Machine_30,94.98,8.69,0
Machine_17,103.15,17.42,1
Machine_48,85.03,21.47,0
Machine_47,87.97,10.94,0
Machine_23,116.6,10.64,1
Machine_15,109.3,14.45,1
Machine_37,114.0,14.19,0
Machine_21,106.96,19.36,0
Machine_14,57.62,11.44,0
Machine_2,60.43,23.91,0
Machine_11,86.86,1.43,0
Machine_39,67.22,0.08,0
Machine_38,83.37,15.36,1
Machine_34,77.61,7.16,0
Machine_38,88.46,5.77,0
Machine_50,102.28,7.49,0
Machine_34,100.08,6.15,0
Machine_18,86.49,0.74,0
Machine_30,107.57,23.32,0
Machine_15,80.16,5.3,1
Machine_27,112.77,17.62,0
Machine_34,54.99,18.3,0
Machine_38,116.83,22.3,0
Machine_33,95.83,0.73,0
Machine_24,76.61,20.93,0
Machine_15,63.8,12.65,0
Machine_30,83.54,15.18,0
Machine_42,63.62,15.47,1
Machine_17,61.64,19.68,0
Machine_5,93.21,8.0,0
Machine_29,86.62,17.59,0
Machine_4,96.91,12.69,1
Machine_10,115.07,19.04,0
Machine_17,87.26,23.77,0
Machine_10,90.67,4.82,0
Machine_17,56.27,23.87,0
Machine_20,100.23,2.16,0
Machine_24,77.99,0.06,0
Machine_5,118.37,1.06,0
Machine_34,107.62,8.2,0
Machine_6,86.57,15.19,1
Machine_2,58.63,1.66,0
Machine_13,110.16,0.14,0
Machine_43,105.98,22.49,0
Machine_43,62.92,19.73,1
Machine_48,70.67,19.42,0
Machine_11,105.54,21.23,1
Machine_47,62.97,16.8,0
Machine_23,114.24,2.51,0
Machine_16,79.72,9.58,1
Machine_31,56.09,17.36,0
Machine_11,107.1,6.73,0
Machine_16,76.15,16.5,1
Machine_8,86.85,0.59,0
Machine_4,57.86,7.35,0
Machine_40,50.18,13.18,0
Machine_4,94.66,15.17,0
Machine_25,86.06,13.85,0
Machine_3,91.55,16.75,0
Machine_32,105.56,0.15,0
Machine_3,95.26,2.42,0
Machine_27,62.23,20.85,0
Machine_29,75.25,16.36,1
Machine_32,113.41,2.71,0
Machine_50,103.9,20.21,1
Machine_19,88.96,5.81,0
Machine_21,67.9,11.48,0
Machine_5,71.14,3.48,0
Machine_18,101.24,17.04,0
Machine_28,109.58,16.0,0
Machine_42,97.0,5.07,0
Machine_22,106.67,20.72,0
Machine_21,103.67,9.63,1
Machine_6,60.48,7.02,0
Machine_1,79.68,3.66,0
Machine_5,60.71,6.39,0
Machine_41,66.47,0.53,0
Machine_12,110.85,14.0,0
Machine_26,83.1,20.21,0
Machine_46,87.48,13.18,1
Machine_34,62.49,5.26,0
Machine_49,71.86,0.81,0
Machine_14,66.12,5.15,0
Machine_26,64.43,9.99,0
Machine_45,94.66,18.23,0
Machine_27,67.98,4.51,0
Machine_9,94.24,17.27,0
Machine_26,54.09,20.81,0
Machine_47,59.92,10.89,0
Machine_22,69.22,19.71,0
Machine_47,91.79,13.31,0
Machine_30,97.31,15.29,0
Machine_43,80.99,12.63,0
Machine_48,81.21,11.12,1
Machine_17,100.72,5.63,1
Machine_26,51.11,7.28,1
Machine_36,73.88,6.96,0
Machine_1,107.31,13.52,0
Machine_8,92.23,2.88,0
Machine_49,73.61,22.0,1
Machine_35,113.39,17.3,0
Machine_15,104.08,9.63,1
Machine_47,68.54,3.81,1
Machine_22,95.17,21.17,0
Machine_14,91.7,19.77,0
Machine_26,78.08,17.32,0
Machine_28,75.69,6.52,1
Machine_23,74.05,9.66,0
Machine_14,93.2,2.47,1
Machine_24,80.97,4.54,0
Machine_2,108.23,18.79,0
Machine_45,96.87,17.16,1
Machine_26,54.9,14.24,0
Machine_14,94.81,21.5,0
Machine_7,68.98,14.0,0
Machine_3,91.5,11.21,0
Machine_47,97.61,8.17,0
Machine_23,66.16,22.57,0
Machine_46,81.98,1.99,1
Machine_43,63.32,22.34,1
Machine_47,53.66,19.84,0
Machine_45,76.49,3.12,0
Machine_18,75.41,13.56,0
Machine_38,119.68,20.8,0
Machine_35,81.24,13.72,1
Machine_15,73.35,21.77,0
Machine_25,90.63,22.63,0
Machine_37,56.21,10.14,0
Machine_28,117.32,9.06,0
Machine_10,94.45,22.47,0
Machine_39,102.84,16.2,0
Machine_17,61.93,2.78,0
Machine_39,78.66,1.02,0
Machine_22,79.59,13.55,0
Machine_26,107.53,22.32,0
Machine_44,50.09,20.26,0
Machine_25,71.06,16.22,0
Machine_17,118.69,3.34,0
Machine_13,83.24,6.1,0
Machine_20,76.78,21.01,0
Machine_25,58.39,4.39,0
Machine_4,118.19,6.68,1
Machine_10,51.4,3.11,1
Machine_3,101.6,16.23,0
Machine_41,103.8,22.66,1
Machine_45,67.06,6.46,0
Machine_18,97.01,11.41,0
Machine_47,56.51,15.22,0
Machine_36,67.99,23.99,0
Machine_47,105.15,2.52,0
Machine_22,110.53,11.97,0
Machine_34,92.59,9.24,0
Machine_47,85.48,20.78,0
Machine_8,61.15,11.42,0
Machine_40,54.42,2.66,1
Machine_49,58.24,15.23,0
Machine_44,65.92,18.5,0
Machine_19,73.92,0.07,0
Machine_42,76.66,20.61,0
Machine_41,74.24,4.46,0
Machine_37,66.73,13.25,0
Machine_6,85.68,9.98,0
Machine_26,107.77,17.27,0
Machine_34,69.58,8.91,0
Machine_45,115.97,20.87,0
Machine_6,111.13,17.53,0
Machine_37,61.32,15.55,0
